﻿<?xml version="1.0" encoding="utf-8" ?>
<ron>
  <NEW_RECIPE_BOOK>Carte de retete noua</NEW_RECIPE_BOOK>
  <SAVE>Salveaza</SAVE>
  <SAVE_TO>Salveaza ca...</SAVE_TO>
  <SAVE_IN_CLOUD>Salveaza in cloud</SAVE_IN_CLOUD>
  <SEARCH_FOR>Cauta...</SEARCH_FOR>
  <OPTIONS>Setari</OPTIONS>
  <RECIPES>Retete</RECIPES>
  <ADD_RECIPE>Adauga Reteta</ADD_RECIPE>
  <IMPORT_RECIPE>Importa Reteta</IMPORT_RECIPE>
  <DELETE_RECIPE>Sterge Reteta</DELETE_RECIPE>
  <EDIT_RECIPE>Modifica Reteta</EDIT_RECIPE>
  <FILE>Fisier</FILE>
  <OPEN>Deschide</OPEN>
  <BY>de</BY>
  <TIME_TO_COOK>Timp de preparare</TIME_TO_COOK>
  <INGREDIENTS>Ingrediente</INGREDIENTS>
  <WAY_TO_COOK>Mod de preparare</WAY_TO_COOK>
  <TITLE>Titlu</TITLE>
  <AUTHOR>Autor</AUTHOR>
  <CATEGORY>Categorie</CATEGORY>
  <SAVE_WARNING>Nu ati salvat</SAVE_WARNING>
  <ARE_YOU_SURE>Vreti sa salvati inainte ?</ARE_YOU_SURE>
  <PRINT>Printeaza</PRINT>
</ron>