<?xml version="1.0" encoding="utf-8" ?>
<eng>
  <NEW_RECIPE_BOOK>New recipe book</NEW_RECIPE_BOOK>
  <SAVE>Save</SAVE>
  <SAVE_TO>Save as...</SAVE_TO>
  <SAVE_IN_CLOUD>Save in cloud</SAVE_IN_CLOUD>
  <SEARCH_FOR>Search for...</SEARCH_FOR>
  <OPTIONS>Options</OPTIONS>
  <RECIPES>Recipes</RECIPES>
  <ADD_RECIPE>Add Recipe</ADD_RECIPE>
  <IMPORT_RECIPE>Import Recipe</IMPORT_RECIPE>
  <DELETE_RECIPE>Delete Recipe</DELETE_RECIPE>
  <EDIT_RECIPE>Edit Recipe</EDIT_RECIPE>
  <FILE>File</FILE>
  <OPEN>Open</OPEN>
  <BY>by</BY>
  <TIME_TO_COOK>Time to cook</TIME_TO_COOK>
  <INGREDIENTS>Ingredients</INGREDIENTS>
  <WAY_TO_COOK>Way to cook</WAY_TO_COOK>
  <TITLE>Title</TITLE>
  <AUTHOR>Author</AUTHOR>
  <CATEGORY>Category</CATEGORY>
  <SAVE_WARNING>You didn't save</SAVE_WARNING>
  <ARE_YOU_SURE>Would you like to save ?</ARE_YOU_SURE>
  <PRINT>Print</PRINT>
</eng>